question;image;category;answerA;answerB;answerC;correct
Bij wie wordt de voorlopige sportschutterlicentie aangevraagd:;;;bij de provinciegouverneur door bemiddeling van de lokale politie.;bij de lokale politie;bij de gemachtigde schietsportfederatie via de club.;C
Bij wie wordt de sportschutterlicentie aangevraagd:;;AANDACHT;bij de provinciegouverneur door bemiddeling van de lokale politie.;bij de gemachtigde schietsportfederatie door bemiddeling van de lokale politie.;bij de gemachtigde schietsportfederatie via de club.;C
Een voorlopige sportschutterslicentie is geldig gedurende:;;AANDACHT;drie maanden;zes maanden;twaalf maanden;C
Een voorlopige sportschutterslicentie:;;AANDACHT;laat de houder ervan toe een voor het sportschieten ontworpen wapen te verwerven om het wapen uit te proberen, hij moet het wapen daarna teruggeven;laat de houder ervan toe om het sportschieten te beoefenen onder begeleiding van een meerderjarige lesgever die houder is van een sportschutterslicentie geldig in de betrokken wapencategorie;laat de houder ervan toe om het sportschieten te beoefenen zonder enige begeleiding.;B
Een pistool behoort tot:;;;wapencategorie A;wapencategorie B;wapencategorie C;B
Een grendelgeweer met getrokken loop behoort tot:;;AANDACHT;wapencategorie B;wapencategorie D;wapencategorie E;B
Een tweeloop met gladde loop behoort tot:;;AANDACHT;wapencategorie A;wapencategorie B;wapencategorie C;C
Een zwartkruit revolver behoort tot:;;;wapencategorie A;wapencategorie C;wapencategorie E;C
De minimumleeftijd voor het aanvragen van een Vlaamse voorlopige sportschutterslicentie is:;;AANDACHT;14 jaar;16 jaar;18 jaar;B
Een voorlopige sportschutterslicentie kan geldig zijn:;;AANDACHT;voor maximum één wapencategorie;voor alle wapencategorieën tegelijk;voor geen enkele wapencategorie;A
Bij de aanvraag van een voorlopige sportschutterslicentie door een minderjarige:;;;dient een schriftelijke toestemming van de ouders of wettelijk vertegenwoordigers te worden aangebracht op het aanvraagformulier;volstaat de mondelinge toestemming van de ouders of wettelijk vertegenwoordigers;zal de voorlopige sportschutterslicentie worden geweigerd omdat de aanvrager minderjarig is;A
Aan een persoon die veroordeeld is voor een misdrijf waardoor elk wapenbezit uitgesloten is:;;AANDACHT;kan de schietsportfederatie een voorlopige sportschutterslicentie toekennen;kan de schietsportfederatie een sportschutterslicentie toekennen;kan de schietsportfederatie nooit een voorlopige sportschutterslicentie of een sportschutterslicentie toekennen;C
Bij de aanvraag van een voorlopige sportschutterslicentie;;AANDACHT;moeten attesten van slagen van de praktische en theoretische proeven worden voorgelegd.;moet een attest van slagen van de theoretische proef worden voorgelegd;moeten geen attesten van slagen voor de praktische en theoretische proef worden voorgelegd;C
Bij de aanvraag van een voorlopige sportschutterslicentie;;AANDACHT;moet een uittreksel strafregister worden voorgelegd dat niet ouder is dan 1 maand.;moet een uittreksel strafregister worden voorgelegd dat niet ouder is dan 3 maanden.;moet een uittreksel strafregister worden voorgelegd dat niet ouder is dan 6 maanden.;B
Bij de aanvraag van een voorlopige sportschutterslicentie:;;;moet geen medisch attest worden toegevoegd;moet een medisch attest worden toegevoegd dat niet ouder is dan 1 maand;moet een medisch attest worden toegevoegd dat niet ouder dan 3 maanden;C
Bij de aanvraag van een voorlopige sportschutterslicentie:;;AANDACHT;moet een kopie van de identiteitskaart worden gevoegd;moet een kopie van de wapenvergunningen worden toegevoegd;moet een pasfoto worden toegevoegd;A
Het medisch attest kan worden afgeleverd:;;AANDACHT;door elke arts;enkel door artsen die erkend zijn door de federatie;enkel door artsen die erkend zijn door de Vlaamse minister bevoegd voor sport;A
Gisèle heeft enkel een voorlopige sportschutterslicentie in wapencategorie B:;;;hij kan het sportschieten met een pistool beoefenen onder begeleiding;hij kan het sportschieten met een revolver beoefenen onder begeleiding;hij kan het sportschieten met een pistool en met een revolver beoefenen onder begeleiding;A
Gisèle heeft een voorlopige sportschutterslicentie in wapencategorie B:;;;hij kanhetsportschieten beoefenen onder begeleiding vaneen sportschutter die houder is van een voorlopige sportschutterslicentie in wapencategorie B;hij kanhet sportschieten beoefenen onder begeleiding vaneen sportschutter die houder is van een sportschutterslicentie in wapencategorie B;hij kanhet sportschieten beoefenen onder begeleiding vaneen sportschutter die houder is van een sportschutterslicentie, ongeacht in welke wapencategorie deze geldig is;B
Eufrazie is houder van een voorlopige sportschutterslicentie geldig voor wapencategorie B:;;AANDACHT;in haar sportschuttersboekje kan ze schietbeurten laten noteren die plaatsvonden met een pistool;in haar sportschuttersboekje kan ze schietbeurten laten noteren die plaatsvonden met een revolver;ze kan als houder van een voorlopige sportschutterslicentie geen schietbeurten laten noteren;A
Philomène is houder van een voorlopige sportschutterslicentie geldig voor wapencategorie A:;;;in zijn sportschuttersboekje kan hij schietbeurten laten noteren die plaatsvonden met een pistool;in zijn sportschuttersboekje kan hij schietbeurten laten noteren die plaatsvonden met een revolver;in zijn sportschuttersboekje kan hij alle schietbeurten noteren, de wapencategorie speelt geen rol;B
De houder van een voorlopige sportschutterslicentie:;;;kan enkel met de wapens schieten waarvoor hij zelf een wapenvergunning heeft;kan met alle vergunningsplichtige wapens schieten die hem op de schietstand ter beschikking worden gesteld, mits de voorlopige sportschutterslicentie geldig is voor de wapencategorie en onder begeleiding;kan met alle vergunningsplichtige wapens schieten onder begeleiding, ongeacht de wapencategorie van deze wapens;B
De begeleider van de houder van een voorlopige sportschutterslicentie:;;;moet gedurende meer dan één jaar actief het sportschieten hebben beoefend;moet gedurende meer dan twee jaren actief het sportschieten hebben beoefend;moet gedurende meer dan drie jaren actief het sportschieten hebben beoefend;B
Een geldige schietbeurt kan plaatsvinden:;;AANDACHT;enkel tijdens een wedstrijd georganiseerd door een Vlaamse club;tijdens elke activiteit georganiseerd door een club aangesloten bij een Vlaamse sportschuttersfederatie;tijdens een internationale wedstrijd waarbij geen Vlaamse federatie bij betrokken is;B
In het sportschuttersboekje:;;;moet voor elke schietbeurt de sportschutter zelf zijn handtekening plaatsen;moet voor elke schietbeurt een bestuurslid of een aangestelde een handtekening plaatsen;moet geen handtekening geplaatst worden voor elke schietbeurt;B
Bij verlies van de voorlopige sportschutterslicentie:;;;Stuurt de schietsportfederatie spontaan een nieuwe voorlopige sportschutterslicentie op;moet een duplicaat worden aangevraagd bij de schietsportfederatie;moet een duplicaat worden aangevraagd bij de provinciegouverneur;B
Bij de aanvraag van een voorlopige sportschutterslicentie, is het de taak van de lokale politie:;;;om een moraliteitsonderzoek te doen en na te gaan of het wapenbezit een gevaar voor de openbare orde kan betekenen en de conclusie van dit onderzoek te delen met de federatie;enkel de federale politie kan het moraliteitsonderzoek verrichten;De lokale politie is niet de bij de aanvraag van een voorlopige  sportschutterslicentie en verstrekt aan geen enkele instantie een advies;C
Gerard is houder van een sportschutterslicentie geldig voor wapencategorie B:;;AANDACHT;in zijn sportschuttersboekje kan hij schietbeurten laten noteren die plaatsvonden met een pistool;in zijn sportschuttersboekje kan hij schietbeurten laten noteren die plaatsvonden met een revolver;in zijn sportschuttersboekje kan hij alle schietbeurten noteren, de wapencategorie speelt geen rol;A
Schuttersvereniging “de tunnelschutters” organiseert een wedstrijd met een prijzentafel:;;;iedereen kan aan de wedstrijd meedoen;enkel wie een wapenvergunning heeft kan aan de wedstrijd meedoen;wie houder is van een sportschutterslicentie of een voorlopige sportschutterslicentie kan aan de wedstrijd meedoen;C
Bij de aanvraag van een sportschutterslicentie:;;AANDACHT;moet steeds een medisch attest worden toegevoegd dat niet ouder is dan 3 maanden;moet steeds een medisch attest worden toegevoegd dat niet ouder is dan 6 maanden;moet geen medisch attest worden toegevoegd als men houder is van een wapenvergunning, in eerder welke categorie.;A
Bij de aanvraag van een sportschutterslicentie:;;;moeten attesten van slagen van de praktische en theoretische proeven worden voorgelegd, tenzij er vrijstelling is.;moet enkel attest van slagen van de theoretische proef worden voorgelegd, tenzij er vrijstelling is;moeten nooit attesten van slagen voor de praktische en theoretische proef worden voorgelegd;A
Bij de aanvraag van een sportschutterslicentie:;;AANDACHT;moet een uittreksel strafregister worden voorgelegd dat niet ouder is dan 1 maand.;moet een uittreksel strafregister worden voorgelegd dat niet ouder is dan 3 maanden.;moet een uittreksel strafregister worden voorgelegd dat niet ouder is dan 6 maanden.;B
Bij de aanvraag van een sportschutterslicentie:;;AANDACHT;moet geen medisch attest worden toegevoegd;moet een medisch attest worden toegevoegd dat niet ouder is dan 1 maand;moet een medisch attest worden toegevoegd dat niet ouder dan 3 maanden;C
Bij de aanvraag van een sportschutterslicentie:;;AANDACHT;moet een kopie van de identiteitskaart worden gevoegd samen met een pasfoto;moet een kopie van een uittreksel uit het strafregister worden toegevoegd;moet geen pasfoto worden toegevoegd;A
Bij de aanvraag van een sportschutterslicentie geldt:;;;dat altijd een attest van slagen voor de praktische en theoretische proef moet worden toegevoegd;dat geen attest van slagen voor de theoretische proef moet worden toegevoegd en dat geen attest van slagen voor de praktische proef moet worden toegevoegd als eenkopievan een wapenvergunning is toegevoegd, voor zover het wapen waarop de wapenvergunning betrekking heeft overeenstemt met de wapencategorie waarvoor de sportschutterslicentie wordt aangevraagd;dat geen attest van slagen voor de theoretische proef moet worden toegevoegd en dat geen attest van slagen voor de praktische proef moet worden toegevoegd als een kopie van een wapenvergunning is toegevoegd;B
Bij de aanvraag van een sportschutterslicentie:;;;moet steeds een kopie van het sportschuttersboekje worden toevoegd waaruit blijkt dat de aanvrager aan minstens 12 schietbeurten heeft deelgenomen gespreid over minstens 12 dagen en 2 trimesters.;moet enkel een kopie van het sportschuttersboekje worden toegevoegd als men nog geen houder is van een wapenvergunning.;moet een kopie van het sportschuttersboekje worden toegevoegd waaruit blijkt dat de aanvrager aan minstens 6 schietbeurten heeft deelgenomen gespreid over minstens 6 dagen en 2 trimesters;A
Bij de aanvraag van een sportschutterslicentie:;;AANDACHT;moet de aanvrager reeds gedurende minstens 6 maanden lid zijn van een club die is aangesloten bij een gemachtigde schietsportfederatie;moet de aanvrager reeds gedurende minstens 2 jaar lid zijn van een club die is aangesloten bij een gemachtigde schietsportfederatie;is geen minimum duur van het lidmaatschap vereist;A
De minimumleeftijd voor het aanvragen van een Vlaamse sportschutterslicentie is:;;AANDACHT;14 jaar;16 jaar;18 jaar;B
Een sportschutterslicentie kan geldig zijn:;;;voor maximum één wapencategorie;voor alle wapencategorieën;enkel voor de wapencategorieën waarvoor de sportschutter ook een vergunning heeft;B
Als de sportschutter nalaat om tijdig de geldigverklaring van de sportschutterslicentie te vragen:;;AANDACHT;wordt hij in gebreke gesteld door de schietsportfederatie die hem nog een maand extra geeft om het nodige te doen.;moet de schietsportfederatie de procedure tot intrekking van de sportschutterslicentie starten;moet de situatie bij de lokale politie geregulariseerd worden;B
Bij de aanvraag van een sportschutterslicentie:;;;zal de lokale politie een moraliteitsadvies verstrekken aan de federatie. De federatie kan de sportschutterslicentie niet afgeven als daar negatieve elementen in opgenomen zijn;komt de lokale politie niet tussen;moet de federatie altijd advies inwinnen bij de provinciegouverneur bevoegd voor de verblijfplaats van de aanvrager;B
Welke proeven moet men afleggen om na 5 jaar een sportschutterslicentie te hernieuwen:;;AANDACHT;een theoretische en praktische proef.;alleen een theoretische proef bij substantiële wijziging van de regelgeving.;geen enkele.;B
Wat moet de houder van een voorlopige sportschutterslicentie doen om een sportschutterslicentie te verkrijgen:;;AANDACHT;een aanvraag indienen bij de lokale politie;een theoretische en praktische proef afleggen (tenzij vrijstelling ervan) en een vraag indienen bij een gemachtigde schietsportfederatie via de club. Hij moet eveneens kunnen bewijzen aan minstens 12 schietbeurten te hebben deelgenomen, gespreid over minstens 12 dagen en 2 trimesters;een aanvraag doen bij de gouverneur, dan zijn zes schietbeurten voldoende.;B
De houder van een voorlopige sportschutterslicentie die op 1 januari voor het eerst lid werd bij een schuttersvereniging:;;;kan zijn sportschutterslicentie ten vroegste aanvragen vanaf april mits hij 12 schietbeurten heeft gespreid over minstens 2 trimesters;kan zijn sportschutterslicentie ten vroegste aanvragen vanaf juli mits hij 12 schietbeurten heeft gespreid over minstens 2 trimester;dient te wachten tot het volgende kalenderjaar alvorens hij zijn sportschutterslicentie kan aanvragen;B
Op basis van het sportschuttersdecreet dient de houder van een sportschutterslicentie :;;;de wapens en munitie op te slaan in een wapenkluis;de wapens en munitie gescheiden te bewaren in een afgesloten kast of in een afgesloten ruimte;de wapens uit te rusten met een trekkerslot en de munitie afzonderlijk te bewaren;B
Een sportschutterslicentie kan worden ingetrokken:;;;door de lokale politie;door de gouverneur;door de gemachtigde schietsportfederatie;C
Tegen de intrekking van de sportschutterslicentie uitgereikt door een schietsportfederatie, is een administratief beroep mogelijk bij:;;;de Vlaamse minister bevoegd voor sport (via Sport Vlaanderen);de minister van Justitie;de provinciegouverneur;A
Hoeveel schietbeurten moeten er in het sportschuttersboekje minstens vermeld zijn om de sportschutterslicentie jaarlijks te verlengen:;;AANDACHT;6;9;12;C
Het aantal schietbeurten dat noodzakelijk is om de licentie jaarlijks te verlengen, dient gespreid te zijn over:;;AANDACHT;over minstens 2 maanden;over minstens 2 trimesters;over minstens 2 semesters;B
Een sportschutter mag, om zijn schietbeurten te laten registreren, in het bezit zijn van maximaal:;;;één sportschuttersboekje;één sportschuttersboekje per federatie waarbij hij lid is;zoveel sportschuttersboekjes als hij wil;A
Een schietbeurt dient geregistreerd te worden in het sportschuttersboekje:;;AANDACHT;door de sportschutter zelf;door een agent of hulpagent van de lokale of de federale politie;door de verantwoordelijke van de club of van de schietsportfederatie of hun aangestelde;C
Welke documenten moeten voorgelegd worden voor de jaarlijkse verlenging van de sportschutterslicentie:;;AANDACHT;medisch attest en uittreksel strafregister.;het sportschuttersboekje en uittreksel strafregister.;bewijs van slagen in de theoretische en de praktische proef.;B
Mits jaarlijkse geldigverklaring, blijft een sportschutterslicentie geldig voor:;;AANDACHT;1 jaar;3 jaar;5 jaar;C
Bij verlies van de sportschutterslicentie:;;;stuurt de schietsportfederatie spontaan een nieuwe sportschutterslicentie op;moet met een bewijs van verlies een duplicaat worden aangevraagd bij de schietsportfederatie;moet een duplicaat worden aangevraagd bij de provinciegouverneur;B
Bij adreswijziging:;;AANDACHT;wordt de federatie ingelicht door het rijksregister en stuurt ze automatisch een aangepaste sportschutterslicentie op;moet de sportschutter zelf het adres op zijn sportschutterslicentie wijzigen en de federatie inlichten;moet de adreswijziging doorgegeven worden aan de federatie welke een adressticker bezorgd die over het oude adres op de huidige licentie gekleefd wordt.;C
De jaarlijkse geldigverklaring van de sportschutterslicentie:;;AANDACHT;wordt via de club aan de federatie gericht;wordt door de sportschutter zelf rechtstreeks aan de federatie gericht;wordt door de sportschutter zelf rechtstreeks aan de gouverneur gericht;B
De jaarlijkse geldigverklaring van de sportschutterslicentie wordt aangevraagd:;;AANDACHT;tijdens de eerste twee maanden van een kalenderjaar;ten vroegste twee maand en ten laatste een maand voor de verjaardag van de sportschutterslicentie;zodra men 12 schietbeurten heeft gespreid over minstens 2 trimesters;B
De enige verantwoordelijke voor de tijdige aanvraag van de verlenging van de sportschutterslicentie is:;;AANDACHT;de clubverantwoordelijke;de sportschutter zelf;de federatie;B
Schietbeurten afgetekend door verantwoordelijken van een buitenlandse federatie of door verantwoordelijken van een Waalse of Duitstalige federatie:;;AANDACHT;zijn ongeldig;zijn enkel geldig als de schietbeurt in Vlaanderen plaatsvond;zijn steeds geldig;A
De houder van een sportschutterslicentie:;;;kan enkel met de wapens schieten waarvoor hij zelf een wapenvergunning heeft;kan met alle vergunningsplichtige wapens schieten die hem op de schietstand ter beschikking worden gesteld, mits de sportschutterslicentie geldig is voor de wapencategorie;kan met alle vergunningsplichtige wapens schieten onder begeleiding, ongeacht de wapencategorie van deze wapens;B
De houder van een sportschutterslicentie:;;;kan enkel met de wapens schieten waarvoor hij zelf een wapenvergunning heeft;kan enkel met vergunningsplichtige wapens schieten onder begeleiding;kan met alle vergunningsplichtige wapens schieten die hem op de schietstand ter beschikking worden gesteld, mits de sportschutterslicentie geldig is voor de wapencategorie;C
Mèdard is houder van een wapenvergunning voor een pistool. Hij vraagt een sportschutterslicentie aan in wapencategorie B. Bij zijn aanvraag:;;AANDACHT;moet hij een kopie van zijn wapenvergunning toevoegen. Hij is dan vrijgesteld van de theoretische en praktische proef;moet enkel een attest van slagen voor de theoretische proef worden gevoegd;moet een attest van slagen voor de praktische en theoretische proef worden gevoegd;A
Behoudens het geval van intrekking van het recht om wapens voorhanden te hebben door de gouverneur, geldt dat de houder van een sportschutterslicentie die niet meer geldig is:;;AANDACHT;zijn wapens binnen de acht dagen moet overdragen aan een erkend persoon of aan de houder van een vergunning tot het voorhanden hebben van de wapens;zijn wapens gedurende drie jaar voorhanden mag hebben zonder munitie;zijn wapens nog gedurende drie jaar voorhanden mag hebben met munitie;B
Indien de sportschutterslicentie wordt verleend:;;;heeft dit geen enkele invloed op het resultaat van een moraliteitsonderzoek indien later een wapenvergunning wordt aangevraagd bij de gouverneur;kan de gouverneur een latere vergunningsaanvraag om een wapen voorhanden te houden niet meer weigeren;is het nooit meer nodig nog een vergunning aan te vragen bij de gouverneur vermits alle wapens die tot een wapencategorie behoren waarvoor de sportschutterslicentie geldig is zonder vergunning kunnen worden verworven;A
Sportschutters kunnen sommige vergunningsplichtige wapens voorhanden hebben zonder vooraf een vergunning aan te vragen aan de gouverneur:;;;op basis van een model 9;op basis van een model 4;op basis van hun sportschutterslicentie;A
Behoudens het geval van intrekking van het recht om wapens voorhanden te hebben door de gouverneur, geldt dat de houder van een sportschutterslicentie die niet meer geldig is:;;AANDACHT;de munitie voor de wapens die via zijn sportschutterslicentie geregistreerd waren binnen de drie maanden moet overdragen aan een persoon die deze munitie voorhanden mag hebben;zijn wapens gedurende drie jaar voorhanden mag houden met munitie;zijn wapens onmiddellijk moet afgeven ter vernietiging;A
Om na te gaan of een sportschutter voldoende schietbeurten heeft:;;AANDACHT;moet altijd geteld worden vanaf de verjaardag van de sportschutterslicentie;moet geteld worden vanaf de dag van ontvangst van het valideringsvignet;moet geteld worden vanaf de dag dat de geldigverklaring wordt aangevraagd;A
Bij de beoordeling van de schietbeurten:;;;komen enkel schietbeurten in aanmerking geschoten met een wapen dat behoort tot een categorie waarvoor de sportschutter een geldige (voorlopige) sportschutterslicentie heeft;komen alle schietbeurten in aanmerking;is de wapencategorie niet van belang;A
Op eenzelfde dag:;;AANDACHT;kan men meerdere geldige schietbeurten laten noteren;kan slechts één geldige schietbeurt als geldig in aanmerking worden genomen;kan men meerdere geldige schietbeurten in aanmerking nemen voor zover geschoten wordt met wapens uit een verschillende wapencategorie;B
De schietbeurten moeten gespreid zijn over minstens 2 trimesters. Voor de berekening van deze trimesters:;;AANDACHT;begint men steeds op 1 januari te tellen;begint met te tellen op 15 juni omdat het sportschuttersdecreet dan in werking trad;begint men te tellen vanaf de verjaardag van de sportschutterslicentie, dit is de dag waarop ze werd uitgereikt;C
Op eenzelfde dag:;;;kan men meerdere geldige schietbeurten laten noteren;kan slechts één schietbeurt als geldig in aanmerking worden genomen, er wordt slechts één wapencategorie in aanmerking genomen;kan men meerdere geldige schietbeurten in aanmerking nemen voor zover geschoten wordt met wapens die tot een andere wapencategorie behoren;B
Welke uitspraak is juist:;;;het is mogelijk om voor eenzelfde schietbeurt meerdere wapencategorieën te noteren in het sportschuttersboekje;voor eenzelfde schietbeurt kan slechts één wapencategorie genoteerd worden;bij de jaarlijkse geldigverklaring van de sportschutterslicentie is vereist dat men minstens aan één schietbeurt heeft deelgenomen voor elke wapencategorie waarvoor de sportschutterslicentie geldig is;B
Als het sportschuttersboekje vol is:;;;mag niet meer aan sportschieten worden gedaan;kan een nieuw sportschuttersboekje worden aangevraagd bij de federatie tegen afgifte van het oude sportschuttersboekje;zal de sportschutterslicentie in detoekomst automatisch geldig verklaard worden wegens voldoende schietbeurten;B
Bij fraude tijdens de registratie van de schietbeurten:;;AANDACHT;kan de sportschutterslicentie van de frauderende schutter worden ingetrokken;kunnen de sportschuterslicenties van iedereen die bij de fraude betrokken is worden ingetrokken;zijn enkel strafsancties mogelijk;B
De attesten van slagen voor de theoretische proef uitgereikt door de politie:;;AANDACHT;zijn niet geldig bij de aanvraag van een sportschutterslicentie;zijn geldig bij de aanvraag van de sportschutterslicentie indien ze niet ouder zijn dan drie maanden;zijn steeds geldig bij de aanvraag van een sportschutterslicentie;A
Om te slagen voor de theoretische proef:;;AANDACHT;dient de kandidaat een score van minstens 60% te behalen;dient de kandidaat een score van minstens 50% te behalen;dienst de kandidaat een score van minstens 70% te behalen;A
Tijdens het afleggen van de theoretische proef:;;AANDACHT;kan de kandidaat zich laten bijstaan door een vertrouwenspersoon die hem bijstaat om de vragen correct te beantwoorden;mag een kopie van de wetteksten worden geraadpleegd;mag de kandidaat geen enkel hulpmiddel gebruiken en mag hij zich niet laten bijstaan.;C
Wie tijdens het afleggen van de theoretische proef betrapt wordt op spieken:;;;krijgt de score nul voor de theoretische proef;krijgt de score nul voor de theoretische proef, gelet op de inbreuk zijn sancties t.a.v. de voorlopige sportschutterslicentie of de sportschutterslicentie mogelijk;krijgt enkel nog de punten voor de vragen die hij kon oplossen voor hij betrapt werd.;B
De theoretische proeven in het kader van het sportschuttersdecreet worden afgenomen:;;;door de lokale politie;door elke persoon die initiator is op een schietstand;door de erkende examinatoren van de federatie die ook de praktische proeven afnemen, of door bestuursleden van de federatie;C
De praktische proef met het oog op het bekomen van een sportschutterslicentie wordt afgenomen:;;;door examinatoren van een gemachtigde schietsportfederatie;alleen door de lokale politie onder toezicht van de diensten van de gouverneur;door de verantwoordelijke van de schietstand.;A
De volgende documenten moeten worden voorgelegd om deel te nemen aan de praktische proef:;;;een geldig rijbewijs en een geldige wapenvergunning;de lidkaart van de federatie of een verzekeringsbewijs;een geldige wapenvergunning is voldoende;B
Een enkelschotswapen:;;;is een wapen waarmee slechts één keer kan gevuurd worden, daarna is het wapen niet meer bruikbaar.;is een wapen met slechts één trekker.;een wapen waarbij één patroon per loop gekamerd kan worden die kan worden afgevuurd. Na het afvuren dient de huls te worden verwijderd, en dient een nieuwe patroon te worden geplaatst.;C
Een tweeloop is:;;AANDACHT;een repeteervuurwapen;een enkelschotswapen;een semi-automatisch wapen;B
Een repeteervuurwapen:;;AANDACHT;kan herhaaldelijk worden afgevuurd zonder dat het manueel moet worden herladen;dient na elk schot te worden herladen, er wordt niet automatisch een volgende patroon gekamerd. De volgende patroon wordt geladen uit een magazijn, lader of trommel;kan nooit gebruikt worden voor het sportschieten;B
Een pompactiegeweer:;;AANDACHT;is een repeteervuurwapen;is een enkelschotswapen;is een semi-automatisch wapen voor gangsters;A
Een semi-automatisch wapen:;;;dient na elk schot te worden herladen;is een verboden wapen;kan projectielen één per één afvuren bij elke druk op de trekker. Na het afvuren van het projectiel wordt automatisch een volgende patroon gekamerd;C
Een automatisch wapen:;;;vuurt meerdere projectielen af bij één druk op de trekker (vuren in salvo’s);is altijd voorzien van een bandvoeding;moet verplicht worden uitgerust met een waterkoeling;A
Automatische wapens:;;;kunnen voorhanden worden gehouden met een wapenvergunning;zijn verboden wapens;mogen enkel worden tentoongesteld in publieke musea;B
Een pistool in kaliber 5,7 x 28mm (kaliber P90 machinepistool):;;;is een vergunningsplichtig wapen;is een verboden wapen;is een vrij verkrijgbaar wapen;B
Lange luchtdrukwapens:;;;zijn altijd vrij verkrijgbaar;zijn enkel vrij verkrijgbaar als de kinetische energie gemeten op 2,5m van de loop monding kleiner is dan 7,5J;zijn slechts vergunningsplichtig als de kinetische energie gemeten op 2,5m van de loopmonding groter is dan 50J;A
Korte luchtdrukwapens:;;;zijn steeds vergunningsplichtig;zijn altijd vrij verkrijgbaar als ze niet automatisch of semi-automatisch zijn;zijn slechts vrij verkrijgbaar als de kinetische energie gemeten op 2,5m van de loop monding kleiner is dan 7,5J;C
Een geluidsdemper is:;;AANDACHT;verboden;toegelaten;toegelaten mits vergunning;A
Een lang luchtdrukkarabijn voorzien van een onverwijderbare geluidsdemper:;;;is altijd een verboden wapen;is een vrij verkrijgbaar wapen;is enkel een verboden wapen als de kinetische energie gemeten op 2,5m van de loopmonding groter is dan 50J;B
Een luchtdrukwapen voorzien van een laserrichtmiddel dat een straal projecteert op het doel is:;;;een verboden wapen;een vergunningsplichtig wapen;enkel toegelaten voor wie ook reeds een vergunning heeft voor een vuurwapen waarop een laser richtmiddel is gemonteerd;A
Welke zijn de vergunningsplichtige vuurwapens:;;AANDACHT;alleen de handvuurwapens;alleen de oorlogswapens;alle vuurwapens die geen verboden of vrij verkrijgbare vuurwapens zijn;C
Een visier dat een rood bolletje laat zien (reddot), maar geen straal projecteert op het doel is:;;;verboden;toegelaten;toegelaten mits vergunning;B
Een richtmiddel dat een laserstraal projecteert op een doel is:;;AANDACHT;verboden;toegelaten;toegelaten mits vergunning;A
Een nachtkijker ontworpen om op een wapen te worden geplaatst, of een vuurwapen uitgerust met een nachtkijker is:;;;verboden;toegelaten;enkel toegestaan voor de houders van een jachtverlof;A
Een alarmpistool:;;;is altijd vergunningsplichtig;is een vrij verkrijgbaar wapen;is enkel een vrij verkrijgbaar wapen als het model door de proefbank gehomologeerd is;C
Een schoudervuurwapen heeft een getrokken loop van 25cm lang. Het wapen heeft een klapkolf. Met ingeklapte kolf is de totale lengte van het wapen 50cm, met uitgeklapte kolf is de totale lengte 65 cm.Volgens de wapen wet is dit wapen:;;;een verboden wapen waarvoor nooit een vergunning kan worden voor afgegeven;een vergunningsplichtig wapen;een verboden wapen waarvoor enkel nog een vergunning kan worden afgegeven aan sportschutters die over een certificaat van de federatie beschikken;A
De ladercapaciteit van een halfautomatisch karabijn met randvuurmunitie (bijvoorbeeld .22 LR) is beperkt tot:;;;10 patronen;30 patronen;40 patronen;C
Voor niet-parcoursschutters is de ladercapaciteit van een pistool beperkt tot:;;;15 patronen;20 patronen;30 patronen;B
Ik ben houder van een vergunning voor een semi-automatisch karabijn die werd afgegeven op 5 april 2016. Ik heb het wapen verworven op 12 april 2016. Volgende uitspraak is correct:;;;ik mag enkel laders met een maximumcapaciteit van 10 patronen in bezit hebben;ik mag laders met een maximumcapaciteit van 30 patronen in bezit hebben;er geldt geen beperking van de maximumcapaciteit van de lader;B
Ik ben houder van een (wapen)vergunning voor een semi-automatisch karabijn die werd afgegeven op 25 mei 2017. Ik heb het wapen verworven op 16 juni 2017. Volgende uitspraak is correct:;;;ik mag enkel laders met een maximumcapaciteit van 10 patronen in bezit hebben;ik mag enkel laders met een maximumcapaciteit van 30 patronen in bezit hebben;er geldt geen beperking van de maximumcapaciteit van de lader;A
Een schoudervuurwapen heeft een getrokken loop van 11cm lang. Het wapen heeft een klapkolf. Met ingeklapte kolf is de totale lengte van het wapen 35cm, met uitgeklapte kolf is de totale lengte 50 cm.Volgens de wapen wet is dit wapen:;;;een vergunningsplichtig wapen;een verboden wapen dat enkel voorhanden gehouden kan worden door sportschutters met een certificat;een verboden wapen waarvoor nooit nog een vergunning kan worden afgegeven;A
Het bezit van een trekkergroep die ervoor zorgt dat een vergund semi- automatisch wapen ook automatisch kan schieten is:;;;verboden;toegelaten, het valt onder de vergunning voor het semi-automatisch wapen;een vrij verkrijgbaar onderdeel omdat het niet aan de proef is onderworpen;A
Een tweeloop “superposé” wordt:;;;voor de toepassing van de wapenwet ingedeeld als een vrij verkrijgbaar wapen en voor de toepassing vanhetsportschuttersdecreet ingedeeld in wapencategorie C;voor de toepassing van de wapenwet ingedeeld als een vrij verkrijgbaar wapen;voor de toepassing van het sportschuttersdecreet ingedeeld in wapencategorie C en voor de toepassing van de wapenwet ingedeeld als een vergunningsplichtig wapen;C
Een zwartkruit wapen vervaardigd in 1895 waarvan het brevet dateert van 1860:;;;is altijd een vrij verkrijgbaar wapen;is een vergunningsplichtig wapen als het gebruikt wordt om mee te schieten, in dat geval dient altijd een vergunning aan de gouverneur te worden gevraagd;is een vergunningsplichtig wapen, het kan mogelijk worden geregistreerd via een sportschutterslicentie geldig in wapencategorie E;A
In de nieuwe wapenwet worden de wapens ingedeeld in de volgende categorieën:;;AANDACHT;verboden wapens, oorlogswapens, vergunningsplichtige wapens en vrij verkrijgbare wapens;verboden wapens, vergunningsplichtige wapens en toegelaten wapens;verboden wapens, vergunningsplichtige wapens en vrij verkrijgbare wapens;C
Een vuurwapen geneutraliseerd voor 8 april 2016 door de proefbank te Luik:;;;is een vrij verkrijgbaar wapen, het kan worden overgedragen zonder dat het opnieuw geneutraliseerd wordt;is enkel een vrij verkrijgbaar wapen voor de huidige bezitter. Als deze het wil verkopen of uitvoeren, dient het opnieuw te worden geneutraliseerd door de proefbank volgens de nieuwe regels;kan worden overgedragen zonder enige formaliteit;B
Een vuurwapen geneutraliseerd na 8 april 2016 door de proefbank:;;;is altijd een vrij verkrijgbaar wapen;is enkel een vrij verkrijgbaar wapen als ook het attest van neutralisatie wordt voorgelegd, het kan enkel worden overgedragen met een formulier model 9ter;is een vergunningsplichtig wapen indien het wordt verkocht of overgedragen of wordt overgebracht naar een andere EU lidstaat;B
Bij erfenis van een geneutraliseerd vuurwapen:;;;dient aangifte te worden met een model 9ter binnen de maand nadat het wapen in het vermogen wordt verkregen;dient aangifte te worden met een model 9ter binnen twee maanden nadat het wapen in het vermogen wordt verkregen;dient aangifte te worden met een model 9ter binnen drie maanden nadat het wapen in het vermogen wordt verkregen;C
Bij invoer van een geneutraliseerd vuurwapen:;;;moet een wapenvergunning worden aangevraagd bij de gouverneur, het wapen dient te worden aangeboden bij de lokale politie die de invoer vaststelt;moet een aangifte gebeuren bij de proefbank binnen de acht dagen na de invoer;dient niet te worden ondernomen als het wapen geneutraliseerd werd na 8 april 2016;B
Bij de overdracht van een geneutraliseerd vuurwapen:;;;dient altijd aangifte te worden gedaan bij de gouverneur binnen de acht dagen na de overdracht via een formulier model 9 ter;dient altijd aangifte te worden gedaan bij de gouverneur binnen de maand na de overdracht via een formulier model 9 ter;dient geen aangifte te worden gedaan bij de gouverneur indien het wapen geneutraliseerd werd na 8 april 2016;A
Een vuurwapen dat automatisch kan schieten, is:;;AANDACHT;een verboden wapen;een vergunningsplichtig wapen dat enkel door erkende verzamelaars voorhanden mag worden gehouden;een oorlogswapen in de zin van de wapenwet;A
Vanaf welke leeftijd kan men in Vlaanderen schieten met een niet- vergunningsplichtig luchtdrukwapen:;;;er is geen opgelegde minimumleeftijd.;vanaf 12 jaar.;vanaf 14 jaar;A
Een vrij verkrijgbaar wapen met historische, folkloristische of decoratieve waarde:;;AANDACHT;wordt ingedeeld als verboden wapen als ermee geschoten wordt;wordt ingedeeld als vergunningsplichtig wapen als ermee geschoten wordt. Een sportschutter kan het wapen registreren met een formulier van overdracht model 9 als het wapen voorkomt op de lijst van wapens ontworpen voor het sportschieten. Als dit niet het geval is, dient de sportschutter een wapenvergunning aan te vragen bij de gouverneur.;blijft ingedeeld onder de vrij verkrijgbare wapens als ermee geschoten wordt, de munitie voor het wapen blijft vrij te koop;B
Voor het vervoer van vrij verkrijgbare niet-vuurwapens (b.v. luchtdrukwapens), geldt:;;AANDACHT;dat de wapens moeten voorzien zijn van een trekkerslot.;dat de wapens moeten vervoerd worden in een afgesloten slotvaste koffer.;dat er geen bijzondere regels bestaan;C
Voor het vervoer van vrij verkrijgbare vuurwapens (b.v. een HFD wapen waar niet mee geschoten wordt), geldt:;;;dat de wapens moeten voorzien zijn van een trekkerslot (of equivalente beveiliging) of vervoerd worden in een afgesloten koffer.;dat een voor de werking van het wapen essentieel onderdeel moet verwijderd worden;dat er geen bijzondere regels bestaan;A
Een luchtdrukwapen (anders dan een kort wapen waarvande energie > 7,5J;;AANDACHT;is een vrij verkrijgbaar wapen;Is een vergunningplichtig wapen dat een sportschutter met een geldige sportschutterslicentie kan verwerven zonder voorafgaandelijke vergunning;is een vergunningsplichtig wapen dat enkel kan worden verworven mits voorleggen van een wapenvergunning;A
Wat is de minimumleeftijd om een vergunningsplichtig vuurwapen aan te kopen:;;AANDACHT;21 jaar;18 jaar;16 jaar;B
Kan men, bij de aanvraag van een wapenvergunning, de wettige reden “sportief en recreatief schieten” aantonen zonder in het bezit te zijn van een sportschutterslicentie:;;;nooit;ja, als men een kopie van een uittreksel strafregister opstuurt naar de gouverneur.;ja, met een attest van een schietstand waaruit blijkt dat men regelmatig het recreatief schieten beoefent;C
Om de wettige reden  , sportief en recreatief schieten ,  te bewijzen, volstaat het dat de aanvrager van een wapenvergunning:;;AANDACHT;houder is van een sportschutterslicentie;al over een groot aantal vergunnigsplichtige wapens beschikt;al gedurende meer dan 10 jaren een geregelde activiteit met wapens voert;A
De houder van een geldige sportschutterslicentie moet, bij de aanvraag van een wapenvergunning:;;AANDACHT;altijd een medisch attest voorleggen;nooit een medisch attest voorleggen;enkel een medisch attest voorleggen indien het aangevraagde wapen behoort tot een andere wapencategorie dan een wapencategorie waarvoor zijn sportschutterslicentie geldig is;B
De houder van een geldige sportschutterslicentie moet, bij de aanvraag van een wapenvergunning:;;AANDACHT;altijd een attest van slagen voor de praktische proef voorleggen;nooit een attest van slagen voor de praktische proef voorleggen;enkel een attest van slagen voor de praktische proef voorleggen indien het aangevraagde wapen behoort tot een andere wapencategorie dan een wapencategorie waarvoor zijn sportschutterslicentie geldig is;C
Een wapenvergunning wordt aangevraagd:;;;bij de schuttersfederatie via de club;bij de gouverneur bevoegd voor de verblijfplaats van de aanvrager, of bij de minister van justitie indien de aanvrager geen verblijfplaats in België heeft;bij de lokale politie bevoegd voor de verblijfplaats van de aanvrager, of bij de federale politie indien de aanvrager geen verblijfplaats in België heeft;B
De aanvraag voor een wapenvergunning:;;;moet altijd per aangetekend schrijven worden verstuurd, anders is ze ongeldig;moet worden afgegeven bij de lokale politie aan de referentie ambtenaar wapens;wordt bij voorkeur aangetekend verstuurd om te kunnen bewijzen wanneer de aanvraag werd verstuurd (wat handig kan zijn indien eventueel een administratief beroep nodig is);C
Een beslissing over de aanvraag voor een wapenvergunning moet worden genomen:;;AANDACHT;binnen de twee maanden na aanvraag, tenzij bij gemotiveerde beslissing deze termijn verlengd wordt;binnen de drie maanden na aanvraag, tenzij bij gemotiveerde beslissing deze termijn verlengd wordt;binnen de vier maanden na aanvraag, tenzij bij gemotiveerde beslissing deze termijn verlengd wordt;C
Indien de beslissing van de gouverneur niet genomen wordt binnen de vier maanden, en als de termijn niet verlengd wordt:;;;moet de aanvrager nog een beetje langer wachten. Geduld is een mooie deugd;kan de aanvrager binnen de 15 dagen na het verstrijken van de termijn van vier maanden in beroep gaan bij de Federale Wapendienst door zijn dossier daar opnieuw in te dienen;kan de aanvrager in beroep gaan bij de Federale Wapendienst, er is geen termijn waarbinnen dit moet gebeuren;B
Het wordt aangeraden om de aanvraag voor een wapenvergunning steeds aangetekend met ontvangstkaart te versturen of af te geven tegen ontvangstbewijs omdat:;;AANDACHT;dit wettelijk vereist is;gewone brieven altijd met de post verloren gaan;om te kunnen bewijzen wanneer de termijn van vier maanden waarbinnen de overheid moet beslissen begint te lopen;C
Na ontvangst van de vergunningsaanvraag, zal de overheid een advies vragen aan:;;AANDACHT;de lokale politie bevoegd voor de verblijfplaats van de aanvrager;de provinciegouverneur bevoegd voor de verblijfplaats van de aanvrager;de diensten de Staatsveiligheid;A
Waar mag men, behalve in de schietruimte van een erkende schietstand tijdens het beoefenen van het schieten, een vuurwapen dragen zonder wapendrachtvergunning:;;AANDACHT;overal waar men het vuurwapen wettelijk mag voorhanden hebben;op elke plaats waar men geen ongeval kan veroorzaken;enkel binnenshuis voor zover dit niet zichtbaar is;C
Als de wapenvergunning, aangevraagd door een persoon die een verblijfplaats heeft in België, wordt geweigerd, kan men in beroep gaan:;;;bij de Federale Wapendienst;bij de provinciegouverneur;bij de Procureur des Konings;A
Na toekenning van de wapenvergunning moet het wapen worden verworven:;;AANDACHT;binnen de twee maanden;binnen de drie maanden;binnen de vier maanden;B
Bij aankoop van het wapen moet het “luik B” van de vergunning:;;;worden bewaard door de verkoper van het wapen;binnen een maand worden opgestuurd naar de overheid die de vergunning heeft uitgereikt door de overdrager van he wapen;worden opgestuurd naar de federatie;B
De verplichting om het “luik B” van de vergunning terug te sturen naar de overheid die de vergunning heeft verleend, rust op:;;;de overdrager van het wapen;de lokale politie na aangifte van het wapen;degene die he wapen verwerft;A
Voor het beoefenen van een dynamische discipline, waarbij wapens gedragen worden in de schietruimte van een erkende schietstand:;;AANDACHT;is een bijkomende wapendrachtvergunning nodig per wapen dat men draagt;is een bijkomende wapendrachtvergunning nodig. Deze vergunning is geldig om alle wapens te dragen;moet geen bijkomende wapendrachtvergunning worden aangevraagd.;C
Lars woont in de provincie West-Vlaanderen is houder van een vergunning voor een pistool in kaliber .45ACP. Hij wil dit wapen verkopen aan Robbe die in de provincie Antwerpen woont. De gouverneur verleende hem en vergunning.De volgende uitspraak is juist:;;;Robbe moet het luik B van zijn vergunning naar de gouverneur van Antwerpen sturen en dient het luik A van de vergunning van Lars terug te sturen naar de gouverneur van West- Vlaanderen;Lars dient het luik A van zijn vergunning samen met het luik B van de vergunning van Robbe op te sturen naar de gouverneur van West-Vlaanderen;Lars dient het luik A van zijn vergunning naar de gouverneur van West-Vlaanderen op te sturen en moet het luik B van de vergunning van Robbe naar de gouverneur van Antwerpen sturen;C
De houder van een vergunning voor een lang semi-automatisch geweer in kaliber .223 Remington:;;;kan enkel laders in kaliber .223 Remington kopen die passen op zijn wapen;kan alle laders kopen voor wapens in kaliber .223 Remington;kan alle laders kopen voor lange semi-automatische geweren;A
De wapenvergunning laat toe:;;AANDACHT;om alle munitie voor vergunningsplichtige wapens te kopen;om munitie te kopen in hetzelfde kaliber als het wapen dat vergund is;om een handel in munitie te starten;B
Waar mag er met een vergunningsplichtig vuurwapen geschoten worden:;;;overal waar men het vuurwapen wettelijk mag voorhanden hebben;op elke plaats waar men geen ongeval kan veroorzaken en er geen hinder is voor de buurt;tijdens de jacht met een jachtwapen en in een erkende schietstand;C
Wat is de maximale geldigheidsduur van een vergunning tot het voorhanden hebben van een vuurwapen:;;AANDACHT;1 jaar.;5 jaar;onbepaalde duur;C
Indien de gouverneur beslist om een wapenvergunning in te trekken, te beperken of te schorsen, of indien de gouverneur het recht om een wapen voorhanden te hebben intrekt:;;AANDACHT;is geen administratief beroep mogelijk;kan de aanvrager binnen de 15 dagen na kennisname in beroep gaan bij de Federale Wapendienst;kan de aanvrager binnen de 15 dagen na kennisname in beroep gaan bij de Vlaamse minister bevoegd voor Sport;B
Als bij de vijfjaarlijkse controle blijkt dat de wapenbezitter gedurende langere tijd geen lid meer geweest is van een schietclub, geen houder van een sportschutterslicentie meer is en onvoldoende schietbeurten kan aantonen;;;kan de gouverneur overgaan tot het intrekken van de wapenvergunningen;zal de gouverneur een verwittiging geven zodat de wapenbezitter zich opnieuw kan aansluiten bij een club en voldoende schietbeurten kan behalen. Er zal dan geen intrekking plaatsvinden;is de gouverneur ertoe verplicht om de vergunning te beperken door bezit van munitie uit te sluiten. Het wapen kan dan zeker worden behouden;A
Bij adreswijziging:;;;moet de gouverneur bevoegd voor de verblijfplaats alsook de lokale politie worden ingelicht;moet de wapenbezitter geen initiatief nemen: via het rijksregister wordt de adreswijziging automatisch doorgegeven aan de diensten;moet enkel de gouverneur bevoegd voor de verblijfplaats worden ingelicht;B
Bij wijziging van de gegevens vermeld op de vergunning, andere dan het adres:;;;moet de gouverneur bevoegd voor de verblijfplaats alsook de lokale politie worden ingelicht;moet de wapenbezitter geen initiatief nemen: via het rijksregister wordt de adreswijziging automatisch doorgegeven aan de diensten;moet enkel de gouverneur bevoegd voor de verblijfplaats worden ingelicht binnen de 15 dagen;C
Bij verlies of diefstal van het wapen;;AANDACHT;moet de gouverneur bevoegd voor de verblijfplaats alsook de lokale politie worden ingelicht, dit binnen de 15 dagen;moet de wapenbezitter geen initiatief nemen: via het rijksregister wordt de adreswijziging automatisch doorgegeven aan de diensten;moet enkel de gouverneur bevoegd voor de verblijfplaats worden ingelicht;A
Bij diefstal of poging tot diefstal van het wapen:;;AANDACHT;moet binnen de 48 uren aangifte worden gedaan aan de politie, met precieze omschrijving van de gestolen zaken;"moet aangifte worden gedaan bij de politie binnen de 15 dagen;moet aangifte worden gedaan bij de Federale Wapendienst binnen de 48 uren.;A
Bij erfenis van een wapen moet hiervan door de erfgenaam aangifte te worden gedaan:;;;binnen de drie maanden nadat het wapen in het vermogen van de erfgenaam gekomen is, er moet altijd een model 9 worden opgesteld door de politie;binnen de drie maanden nadat het wapen in het vermogen van de erfgenaam gekomen is;binnen de vier maanden na het overlijden, moet er een model 9ter worden opgesteld;B
De vijfjaarlijkse controle bij wapenbezitters:;;;gebeurt spontaan op initiatief van de lokale politie en is gratis;gebeurt op initiatief van de gouverneur en maakt een retributie per wapen (te indexeren) verschuldigd;gebeurt op initiatief van de gouverneur en maakt een retributie per dossier (te indexeren) verschuldigd;C
Om in orde te zijn met de vijfjaarlijkse controle moet een wapenbezitter:;;;niets doen en wachten tot de overheid initiatief neemt;een aanvraag voor de vijfjaarlijkse controle indienen bij de lokale politie;een aanvraag voor de vijfjaarlijkse controle indienen bij de gouverneur;A
Bij de overdracht van een vergunningsplichtig wapen, munitie of een lader moet altijd minstens het volgende document worden voorgelegd:;;;de wapenvergunning model 4;de sportschutterslicentie en de identiteitskaart of reispas van de koper;de identiteitskaart of reispas van de koper;C
Bij de overdracht van een vuurwapen dat zonder vergunning voorhanden kan worden gehouden door een sportschutter aan de houder van een sportschutterslicentie door een particulier die houder is van een wapenvergunning;;AANDACHT;wordt een registratiedocument model 6 opgemaakt;wordt een formulier van overdracht  model  9  opgesteld.  Het  origineel en een afschrift van dit model worden opgestuurd naar een gemachtigde schietsportfederatie.;wordt een formulier van overdracht model 9 opgesteld. Het origineel en een afschrift van dit model worden opgestuurd naar de gouverneur bevoegd voor de verblijfplaats van degene die het wapen verwerft.;C
Bij de overdracht van een vuurwapen dat zonder vergunning kan worden voorhanden gehouden door een sportschutter aan de houder van een sportschutterslicentie:;;;wordt het formulier van overdracht model 9 binnen de acht dagen verstuurd naar de gouverneur bevoegd voor degene die het wapen overdraagt;wordt het formulier van overdracht model 9 binnen de acht dagen verstuurd naar de gouverneur bevoegd voor degene die het wapen verwerft;wordt het formulier van overdracht model 9 binnen de acht dagen verstuurd naar het Centraal Wapenregister;B
 De verplichting om vergunningsplichtige wapens en munitie buiten het bereik van kinderen en onbevoegde te bewaren:;;;geldt altijd;geldt enkel als men meer dan 5 vergunningsplichtige wapens opslaat;geldt enkel als men meer dan 30 vergunningsplichtige wapen opslaat;A
Om te bepalen welke regels van toepassing zijn in functie van de hoeveelheid opgeslagen wapens:;;AANDACHT;worden alle wapens meegeteld die zich op dezelfde plaats bevinden;worden alle vergunningsplichtige wapens meegeteld die zich op dezelfde plaats bevinden;worden alle vergunningsplichtige vuurwapens meegeteld die zich op dezelfde plaats bevinden;B
 Paul is in het bezit van 12 vuurwapens. Hij dient de volgende maatregelen te nemen:;;;elk van de twaalf wapens dient in een wapenkluis te worden opgeslagen;de eerste 9 wapens mogen worden opgeslagen in een slotvaste kast, enkel de drie bijkomende wapens dienen in een kluis te worden opgeslagen;vier wapens mogen worden opgeslagen met een trekkerslot, vijf wapens dienen in een slotvaste kast te liggen en drie wapens moeten in een wapenkluis liggen;A
Voor de opslag van vuurwapens is het volgende steeds van toepassing:;;;de wapens mogen enkel worden opgeslagen als zowel de kamer als de lader leeg zijn en dus geen patronen bevatten;de wapens en de munitie mogen niet onmiddellijk samen toegankelijk zijn.;de wapens mogen worden opgeslagen zonder patroon in de kamer, er mag op het wapen een lader zitten die gevuld is met patronen;B
Wapenbezitters die minder dan vijf vergunningsplichtige wapens bezitten:;;;moeten hun wapens altijd voorzien van een trekkerslot tijdens de opslag;moeten hun wapens ophangen op minstens 2 meter hoogte zodat ze onbereikbaar zijn voor kinderen;kunnen, naar keuze, hun wapens voorzien van een trekkerslot, vastmaken aan een vast punt of een voor het wapen essentieel onderdeel wegnemen en afzonderlijk bewaren.;C
Tijdens het onderhoud van wapens:;;;is het niet nodig de lader leeg te maken;moet de loop altijd in een veilige richting wijzigen;mag de trekker nooit worden overgehaald;B
Stickers van wapen merken:;;;mogen niet worden aangebracht in een wapenkluis;mogen overal gekleefd worden waar men wil;mogen er niet toe leiden dat onbevoegden een indicatie hebben van de juiste plaats waar wapens en munitie liggen opgeslagen;C
De wapens en de munitie moeten steeds apart worden gehouden. Dit betekent:;;;dat de munitie en de wapens samen in een kluis mogen liggen, de kluis op zich biedt immers voldoende bescherming tegen diefstal;dat de munitie en de wapens in een afzonderlijke kast of kluis dienen te worden bewaard;dat het toegelaten is om een wapen op te slaan met een lader in die patronen bevat, op voorwaarde dat de kamer van het wapen leeg is en het wapen voorzien is van een trekkerslot;B
Tijdens het vervoer van vergunnigsplichtige wapens en munitie:;;AANDACHT;moet de munitie worden opgeslagen in een veilige verpakking, deze verpakking mag zich bij het wapen bevinden;moeten het wapen en de munitie afzonderlijk vervoerd worden, bijvoorbeeld in afzonderlijke koffers of afzonderlijke verpakkingen zodat ze niet samen toegankelijk zijn;mag de munitie om het even hoe in het voertuig vervoerd worden;B
Tijdens het vervoer van vergunnigsplichtige wapens en munitie:;;AANDACHT;volstaat het dat de wapens buiten handbereik liggen;moeten de wapens voorzien zijn van een trekkerslot (of moet een voor de werking van het wapen essentieel onderdeel verwijderd worden) en worden opgeslagen in een afgesloten koffer;volstaat het dat de wapens in een afgesloten koffer worden vervoerd;B
Tijdens het vervoer van vergunnigsplichtige wapens en munitie:;;AANDACHT;mogen de laders van de wapens gevuld zijn als het wapen ongeladen is;mogen de laders van de wapens gevuld zijn maar mogen ze niet in het wapen zitten;moet het wapen ongeladen zijn en moeten de magazijnen leeg zijn;C
Tijdens het bezoek aan de schietstand:;;AANDACHT;mogen de wapens in het voertuig worden gelaten;mogen de wapens enkel in het voertuig worden gelaten als het bewaakt is;worden de wapens bewaard onder toezicht in de kantine;B
Een vergunningsplichtig wapen mag vervoerd worden:;;;tussen de verblijfplaats en de plaats van tewerkstelling als men achteraf gaat schieten;tussen de verblijfplaats en de schietstand en tussen de verblijfplaatsen onderling;elk traject is mogelijk voor zover men een wettige reden heeft voor het vervoer;C
Kan men met een voorlopige sportschutterslicentie een vergunningsplichtig vuurwapen aankopen zonder vergunning:;;AANDACHT;alleen indien men meerderjarig is.;neen.;ja, maar het wapen moet op de schietstand blijven.;B
Kan men met een sportschutterslicentie een vergunningsplichtig vuurwapen aankopen zonder daarvoor eerst over een vergunning te beschikken:;;AANDACHT;neen.;ja, wanneer het om een vuurwapen gaat dat ontworpen is voor het sportschieten en dat voorkomt op de lijst van de minister van Justitie.;ja, mits toestemming van de volwassen huisgenoten.;B
Een pistool in 9mm, kan slechts worden verworven door de houder van een sportschutterslicentie:;;AANDACHT;mits voorlegging van een wapenvergunning uitgereikt door de gouverneur;het voorleggen van een geldige sportschutterslicentie volstaat;mits voorlegging van een wapenvergunning uitgereikt door de gouverneur en een getuigschrift van goed gedrag en zeden;A
Een grendelgeweer in kaliber .223 Remington kan slechts worden verworven door de houder van een sportschutterslicentie:;;;mits voorlegging van zijn sportschutterslicentie en identiteitskaart, een formulier van overdracht model 9 wordt ingevuld en verstuurd naar de gouverneur van de woonplaats van de verkrijger van het wapen;Het wapen is een oorlogswapen en kan enkel worden verworven door de houder van een wapenvergunning omdat het wapen in een oorlogskaliber is;mits voorlegging van een Europese vuurwapenpas uitgereikt in België;A
Een semi-automatisch geweer in kaliber .308 Winchester (b.v. een FAL) wordt:;;AANDACHT;voor de toepassing van de wapenwet ingedeeld als een verboden wapen en voor de toepassing van het sportschuttersdecreet ingedeeld in wapencategorie D;voor de toepassing van de wapenwet ingedeeld als een verboden wapen en wordt niet ingedeeld in het sportschuttersdecreet;voor de toepassing van de wapenwet ingedeeld als een vergunningsplichtig wapen en voor de toepassing van het sportschuttersdecreet ingedeeld in wapencategorie D;C
De houder van een sportschutterslicentie kan een pistool dat specifiek is ontworpen voor het sportschieten verwerven zonder voorafgaandelijke vergunning:;;;als het pistool in kaliber .22 is en voorzien is van een speciale greep;als het pistool in kaliber .22 is en maximaal vijf schoten heeft;als het pistool in kaliber .22 is en aangepaste richtmiddelen heeft;B
Behoudens het geval van intrekking van het recht om wapens voorhanden te hebben door de gouverneur, geldt dat de houder van een sportschutterslicentie die niet meer geldig is:;;;zijn wapens binnen de acht dagen moet overdragen aan een erkend persoon of aan de houder van een vergunning tot het voorhanden hebben van de wapens;zijn wapens gedurende drie jaar voorhanden mag hebben zonder munitie;zijn wapens nog gedurende drie jaar voorhanden mag hebben met munitie;B
Om munitie aan te kopen, dient de houder van een sportschutterslicentie:;;AANDACHT;alleen zijn sportschutterslicentie voor te leggen;zijn sportschutterslicentie en identiteitskaart voor te leggen;zijn sportschutterslicentie, identiteitskaart en het model 9 voor te leggen;C
De houder van een wapenvergunning “model 4” kan munitie kopen:;;AANDACHT;mits voorleggen van het model 4;mits voorleggen van het model 4 en de sportschutterslicentie;mits voorleggen van het model 4 en de identiteitskaart;C
Opensplijtende munitie (hollow-points) voor geweren:;;AANDACHT;is verboden munitie;is toegestaan;mag enkel gebruikt worden voor de jacht;B
De houder van een sportschutterslicentie:;;;kan munitie aankopen om die door te verkopen aan andere schutters voor zover deze andere schutters ook houder zijn van een sportschutterslicentie;moet bij aankoop zijn sportschutterslicentie en een identiteitskaart voorleggen;moet bij de aankoop van munitie de gouverneur informeren via een formulier model 9;B
Opensplijtende munitie (hollow-points) voor pistolen en revolvers:;;AANDACHT;is verboden munitie;is toegestaan;mag enkel gebruikt worden voor de jacht;A
Wie enkel een vergunning heeft voor een pistool Canik in 9mm, mag de volgende laders voorhanden hebben:;;;enkel de laders voor het pistool dat vergund is (Canik);alle laders voor pistolen in kaliber 9mm;alle laders voor pistolen;A
Een speedloader voor een revolver in kaliber .357 magnum:;;;kun je enkel voorhanden hebben mits een vergunning voor deze revolver;is vrij verkrijgbaar;kun je enkel aankopen als je ook een sportschutterslicentie geldig voor wapencategorie A bezit;B
Mijn lader is kapot en ik wil een nieuwe veer kopen. Hiervoor moet ik volgende documenten voorleggen:;;;de vergunning voor het wapen waarbij de lader hoort;een geldige sportschutterslicentie;geen enkel document, onderdelen van laders zijn vrij verkrijgbaar;C
Ik heb een lader voor een AR15. Deze lader kan ik verkopen:;;;aan elke sportschutter met een sportschutterslicentie geldig voor wapencategorie D;aan iedereen die een vergunning heeft voor een lang semi automatisch wapen;enkel aan wie een vergunning heeft voor een AR15 waarbij deze lader hoort;C
Laders voor luchtdrukpistolen:;;;zijn vergunningsplichtig;zijn verboden als ze meer dan 20 projectielen kunnen bevatten;zijn vrij verkrijgbaar;C
Laders voor vuurwapens die zowel passen op automatische als op semi- automatische vuurwapens:;;;zijn verboden;zijn vergunningsplichtig;zijn vrij verkrijgbaar;B
Wie houder is van een sportschutterslicentie geldig in wapencategorie B:;;;mag laders bezitten voor alle specifiek voor het sportschieten ontworpen pistolen met maximum 5 schoten;mag enkel laders bezitten voor een pistool dat hij voorhanden heeft via zijn sportschutterslicentie;mag laders bezitten voor alle pistolen;B
Bij overdracht van een lader:;;;moet een model 9ter worden ingevuld in drie exemplaren waarvan één naar de gouverneur gestuurd wordt binnen de acht dagen, één exemplaar wordt bijgehouden en één exemplaar overhandigd wordt aan de koper van de lader;zijn er geen formaliteiten;moet het luik B van het model 4 van het wapen binnen de maand aan de gouverneur worden gestuurd;B
Een sportschutter die munitie aankoop in het buitenland (niet Benelux):;;;mag dit gewoon doen, er is geen bijkomende toelating of vergunning nodig;dient een toelating te vragen aan de gouverneur;dient een toelating te vragen aan de Dienst Strategische Goederen van het Vlaams Gewest;C
Om deel te nemen aan een wedstrijd in een andere Europese lidstaat:;;;volstaat de vergunning en men de regels volgen die in het andere land van toepassing zijn;moet men eveneens een Europese vuurwapenpas aanvragen bij de gouverneur en rekening houden met de regels in het andere land;moet men eveneens een Europese vuurwapenpas aanvragen bij de dienst Strategische Goederen van het Vlaams gewest en rekening houden met de regels in het andere land;B
Wie een wapen aankoopt in het buitenland:;;;moet dit altijd aanbieden bij de proefbank om het te laten inschrijven in het Centraal Wapenregister;moet dit altijd aanbieden bij de proefbank om het te laten beproeven;moet dit altijd aanbieden bij de Federale Wapendienst om de invoer vast te stellen;A
Bij verhuis naar een ander land van de Europese Unie:;;;is het voldoende dat men een Europese vuurwapenpas heeft;moet men vergunningen aanvragen in het andere land en daarna een toelating tot overbrenging bij de Dienst Strategische Goederen van het Vlaams gewest;moet men vergunningen aanvragen in het andere land en daarna een toelating tot overbrenging bij de gouverneur;B
Een essentieel onderdeel voor een vuurwapen dat wordt aangekocht in een andere lidstaat van de Europese unie:;;;kan altijd worden overgebracht zonder een toelating tot overbrenging te vragen bij de dienst Strategische Goederen van het Vlaams gewest;kan enkel worden overbracht mits aanvraag van een toelating tot overbrenging bij de dienst Strategische Goederen van het Vlaams gewest;zal nooit aan de proefbank moeten worden voorgelegd;B
Schiettechnieken waarbij gebruik wordt gemaakt van realistische situaties of menselijke silhouetten als doel, of gewelddadige scenario’s:;;AANDACHT;zijn altijd verboden op een schietstand.;zijn altijd verboden voor particulieren.;zijn altijd toegelaten;B
Alcoholische dranken:;;AANDACHT;mogen genuttigd worden voor het schieten, maar niet tijdens het schieten;mogen genuttigd worden voor het schieten, voor zover het alcoholgehalte in het bloed kleiner blijft dan 0,5 promille;mogen enkel genuttigd worden na het schieten;C
In het aanwezigheidsregister:;;AANDACHT;moet het adres genoteerd worden;moet enkel de naam van de schutter vermeld worden en het gebruikte wapentype;moet de naam van de schutter, het gebruikte wapentype en kaliber, de datum, en het uur van aankomst en vertrek worden ingevuld;C
Aan de exploitant van de schietstand:;;AANDACHT;moet steeds een uittreksel uit het strafregister worden bezorgd;moet steeds een uittreksel uit het strafregister worden bezorgd, tenzij door de houder van een sportschutterslicentie of een jachtverlof;moet nooit een een uittreksel uit het strafregister worden bezorgd;B
Kan men met een sportschutterslicentie een vouwgeweer met gladde loop kaliber 12 aankopen?;;AANDACHT;neen het is een verboden wapen;ja, mits toestemming van de minister van justitie;alleen met een vergunning;A
Een revolver behoort tot:;;AANDACHT;wapencategorie A;wapencategorie B;wapencategorie C;A
